{"c":{"65":{"paths":[{"my":4.042700102539072,"mx":0,"dy":130.42753,"d":"m 0,0 c 5.6248,-14.44002,7.3038,-17.61253,12.3612,-28.86511,4.6549,12.67302,7.439,19.06522,10.8912,30.73599"},{"my":14.666670102539058,"mx":25.190200000000004,"dy":119.80356,"d":"m 0,0 c -9.6217,1.2918,-11.6263,1.58134,-21.6489,3.0736"}],"w":25.1903076171875},"193":{"paths":[{"my":38.78774110253906,"mx":0,"dy":95.682489,"d":"m 0,0 c 2.3386,-3.875407,4.6773,-7.750815,7.0159,-11.626222"},{"my":14.800300102539069,"mx":15.23440000000005,"dy":119.66993,"d":"m 0,0 c -9.6217,1.2918,-11.6263,1.58134,-21.6489,3.0736"},{"my":4.176330102539055,"mx":-9.955799999999954,"dy":130.2939,"d":"m 0,0 c 5.6248,-14.44002,7.3038,-17.61253,12.3612,-28.86511,4.6549,12.67302,7.439,19.06522,10.8912,30.73599"}],"w":25.190185546875}},"p":{"s":1.587916175006118,"slc":"round","slj":"round","bsw":0.5,"lh":48.10851287841797,"space":25.19024658203125,"tf":50.413962759338375}}