{"c":{"33":{"paths":[{"my":0.910154150390639,"mx":0,"dy":163.2316,"d":"m 0,0 c 1.325991,-6.28527,0,0,1.469984,-6.74856,3.510539,-8.94437,2.329104,-5.82367,3.474504,-8.68626,2.405425,3.27405,1.855788,2.44206,2.405425,3.27405,1.083385,3.49157,1.169443,3.77278,1.60362,5.47903,0.150887,1.0057,0.351029,1.32186,0.334084,4.67722,0.376343,2.09216,0.367862,2.06778,0.400906,2.27179 l -2.605879,-5.94675 c -2.156349,0.23169,-2.990765,0.27453,-3.942226,0.33409 v 0"}],"w":9.688526153564453},"34":{"paths":[{"my":0.5092541503906318,"mx":0,"dy":163.6325,"d":"m 0,0 c 0.02227,-16.05902,0.04455,-10.7356,0.06682,-16.10298,3.659418,-0.45823,2.413031,-0.27126,3.608142,-0.40091,3.674955,0.66817,3.741772,0.66817,3.741772,0.66817,-0.534541,4.6104,-0.224023,2.61756,-0.534541,4.6104,-3.942226,1.26953,-3.942226,1.33635,-3.942226,1.33635,1.534103,0.17205,1.469985,0.13363,1.469985,0.13363,3.741771,1.06908,3.741771,1.06908,3.741771,1.06908,0.270418,6.06056,0.26727,6.21402,0.26727,6.21402,-5.479024,2.60588,-5.479024,2.60588,-5.479024,2.60588,-2.939969,-0.13364,-2.939969,-0.13364,-2.939969,-0.13364 z"}],"w":8.418998718261719},"35":{"paths":[{"my":12.987394150390628,"mx":0,"dy":151.15436,"d":"m 0,0 c -0.843046,-1.02654,-0.906568,-1.22525,-0.906568,-1.22525 l -1.966577,-2.73369 c 1.966577,2.73369,0,0,-3.60814,1.33635,-1.069078,6.41447,-1.161622,6.03512,-1.069078,6.41447 l 0.334087,5.3454 c 3.407686,2.67269,7.817634,-0.0668,3.407686,2.67269 l 4.409948,-2.73951 c 0.06682,-4.07586,0.0463,-0.1429,0.200452,-0.73499 l -0.133635,-3.34087 v 0"}],"w":8.379539489746094}},"p":{"s":4.5305133993670275,"slc":"round","slj":"round","bsw":0.5,"lh":16.637527465820312,"space":8.829021453857422,"tf":17.013143234252937}}