{"c":{"33":{"paths":[{"my":-0.00000628906249744432,"mx":0,"dy":141.27381,"d":"M 0,0 H 707.00446"}],"w":705.6815185546875},"34":{"paths":[{"my":-0.00000628906249744432,"mx":0,"dy":141.27381,"d":"M 0,0 H 707.00446"}],"w":705.6815185546875},"35":{"paths":[{"my":-0.00000628906249744432,"mx":0,"dy":141.27381,"d":"M 0,0 H 707.00446"}],"w":705.6815185546875},"36":{"paths":[{"my":-0.00000628906249744432,"mx":0,"dy":141.27381,"d":"M 0,0 H 707.00446"}],"w":705.6815185546875},"37":{"paths":[{"my":-0.00000628906249744432,"mx":0,"dy":141.27381,"d":"M 0,0 H 707.00446"}],"w":705.6815185546875},"38":{"paths":[{"my":-0.00000628906249744432,"mx":0,"dy":141.27381,"d":"M 0,0 H 707.00446"}],"w":705.6815185546875},"39":{"paths":[{"my":-0.00000628906249744432,"mx":0,"dy":141.27381,"d":"M 0,0 H 707.00446"}],"w":705.6815185546875},"40":{"paths":[{"my":-0.00000628906249744432,"mx":0,"dy":141.27381,"d":"M 0,0 H 707.00446"}],"w":705.6815185546875},"41":{"paths":[{"my":-0.00000628906249744432,"mx":0,"dy":141.27381,"d":"M 0,0 H 707.00446"}],"w":705.6815185546875},"42":{"paths":[{"my":-0.00000628906249744432,"mx":0,"dy":141.27381,"d":"M 0,0 H 707.00446"}],"w":705.6815185546875},"43":{"paths":[{"my":-0.00000628906249744432,"mx":0,"dy":141.27381,"d":"M 0,0 H 707.00446"}],"w":705.6815185546875},"44":{"paths":[{"my":-0.00000628906249744432,"mx":0,"dy":141.27381,"d":"M 0,0 H 707.00446"}],"w":705.6815185546875},"45":{"paths":[{"my":-0.00000628906249744432,"mx":0,"dy":141.27381,"d":"M 0,0 H 707.00446"}],"w":705.6815185546875},"46":{"paths":[{"my":-0.00000628906249744432,"mx":0,"dy":141.27381,"d":"M 0,0 H 707.00446"}],"w":705.6815185546875},"47":{"paths":[{"my":-0.00000628906249744432,"mx":0,"dy":141.27381,"d":"M 0,0 H 707.00446"}],"w":705.6815185546875},"48":{"paths":[],"w":712.625},"49":{"paths":[],"w":712.625},"50":{"paths":[],"w":712.625},"51":{"paths":[],"w":712.625},"52":{"paths":[],"w":712.625},"53":{"paths":[],"w":712.625},"54":{"paths":[],"w":712.625},"55":{"paths":[],"w":712.625},"56":{"paths":[],"w":712.625},"57":{"paths":[],"w":712.625}},"p":{"s":0.05646057854793689,"slc":"round","slj":"round","bsw":0.5,"lh":10.421875,"space":708.4589111328125,"tf":0}}