{"c":{"33":{"paths":[{"my":-0.0763050805663994,"mx":0,"dy":111.79166,"d":"m 0,0 H 44.90861 l -0.811389,3.08681 h -1.640417 l 3.510139,-12.135559 h 2.010834 l 3.510139,12.135559 z  m -4.550833,-4.37445 h 3.404305 l -1.693333,-6.45583 z"},{"my":6.344254919433595,"mx":8.138418999999999,"dy":105.3711,"d":"m 0,0 q 2.645833,0.45861,2.645833,2.99861,0,1.72861,-1.164167,2.57528,-1.164166,0.84667,-3.210278,0.84667 H 53.099945 V 99.656101 h 2.628194 q 2.099028,0,3.227917,0.776109,1.128889,0.77611,1.128889,2.27542,0,1.07597,-0.599722,1.76389,-0.582083,0.67028,-1.552222,0.89958 z  m -3.192639,-4.46264 v 3.91584 h 1.516944 q 1.023056,0,1.5875,-0.51153,0.582084,-0.52917,0.582084,-1.46403,0,-1.02306,-0.635001,-1.48167,-0.617361,-0.45861,-1.905,-0.45861 z  m 1.481666,9.59556 q 1.287639,0,1.975556,-0.49389,0.687917,-0.51153,0.687917,-1.6757,0,-2.29305,-2.487084,-2.29305 h -1.658055 v 4.46264 z"},{"my":12.288559919433595,"mx":16.973296999999995,"dy":99.426795,"d":"m 0,0 q 0.9525,0,1.658055,0.299861,0.705556,0.282224,1.393472,0.899584 l -0.846666,0.98778 q -0.511528,-0.44097,-1.023056,-0.65264,-0.493889,-0.21167,-1.093611,-0.21167,-1.375833,0,-2.187222,1.18181,-0.811389,1.16416,-0.811389,3.77472,0,2.54,0.811389,3.75708,0.811389,1.19945,2.187222,1.19945,0.687917,0,1.181806,-0.24695,0.493889,-0.24694,1.075972,-0.72319 l 0.829028,0.97014 q -1.322917,1.35819,-3.175,1.35819,-1.358195,0,-2.416528,-0.70555,-1.040695,-0.70556,-1.640417,-2.11667,-0.582083,-1.42875,-0.582083,-3.4925,0,-2.04611,0.599722,-3.45722,0.617361,-1.41111,1.658056,-2.11667,1.058333,-0.705555,2.38125,-0.705555 z"},{"my":12.059253919433587,"mx":24.413601000000007,"dy":99.656101,"d":"m 0,0 q 1.569861,0,2.734028,0.476249,1.164166,0.47625,1.887361,1.79917,0.740833,1.32291,0.740833,3.7218,0,3.42195,-1.464028,4.78014,-1.446389,1.3582,-3.668889,1.3582 H 71.703461 V 99.656101 Z  m -0.864306,1.287639 v 9.57792 h 1.199445 q 1.516944,0,2.416528,-1.0407,0.899583,-1.05833,0.899583,-3.82764,0,-1.94027,-0.47625,-2.98097,-0.458611,-1.04069,-1.199445,-1.37583,-0.723194,-0.35278,-1.728611,-0.35278 z"}],"w":37.11360168457031}},"p":{"s":0.8756897343518029,"slc":"round","slj":"round","bsw":0.5,"lh":12.594169616699219,"space":37.11360168457031,"tf":23.118840223388673}}