{"c":{"33":{"paths":[{"my":0.9097726806640765,"mx":0,"dy":163.2316,"d":"m 0,0 v 0"}],"w":10.289875030517578},"34":{"paths":[{"my":0.5088726806640693,"mx":0,"dy":163.6325,"d":"m 0,0 z"}],"w":8.285354614257812},"35":{"paths":[{"my":12.803262680664062,"mx":0,"dy":151.33811,"d":"m 0,0 v -0.13364"}],"w":8.819892883300781}},"p":{"s":4.380341788105411,"slc":"round","slj":"round","bsw":0.5,"lh":16.971588134765625,"space":9.131707509358725,"tf":12.936902671947479}}