{"c":{"33":{"paths":[{"my":0.9097726806640765,"mx":0,"dy":163.2316,"d":"m 0,0 c 0,0,0.08008,0.027,3.608139,-10.55715 l 1.603618,-4.81085 c 0,0,0,0,2.672694,3.0736,0,0,1.095303,3.52464,1.33635,5.34539,0.475826,3.59415,0.935066,3.30014,0.534537,4.94449 l 0.534541,2.27179,-3.073601,-6.41447 c -1.345876,0.2285,-2.654649,0.62835,-3.608139,0.80181 v 0"}],"w":10.289875030517578},"34":{"paths":[{"my":0.5088726806640693,"mx":0,"dy":163.6325,"d":"m 0,0 z"}],"w":8.285354614257812},"35":{"paths":[{"my":12.803262680664062,"mx":0,"dy":151.33811,"d":"m 0,0 v -0.13364"}],"w":8.819892883300781}},"p":{"s":4.380341788105411,"slc":"round","slj":"round","bsw":0.5,"lh":16.971588134765625,"space":9.131707509358725,"tf":16.277772711181655}}