{"c":{"33":{"paths":[{"my":10.657834399414057,"mx":0,"dy":126.7643,"d":"m 0,0 c -0.2208,-8.29778,-0.4417,-16.59557,-0.6625,-24.89335 l 4.2672,0.008 c -0.2702,8.29682,-0.5405,16.59364,-0.8107,24.89046 z  m 1.401,10.92476 c -0.7451,-0.001,-1.388,-0.25659,-1.9289,-0.76578,-0.5069,-0.54286,-0.7597,-1.16989,-0.7583,-1.88109,0,-0.74506,0.2552,-1.35416,0.7656,-1.8273,0.5429,-0.50694,1.1868,-0.75968,1.9319,-0.75822,0.7789,0.001,1.4049,0.25656,1.878,0.76567,0.5071,0.47513,0.76,1.08522,0.7585,1.83029,0,0.7112,-0.2552,1.33724,-0.7657,1.87811,-0.4751,0.50707,-1.1022,0.75984,-1.8811,0.75832 z"}],"w":5.3341064453125},"34":{"paths":[{"my":22.11556439941407,"mx":0,"dy":115.30657,"d":"m 0,0 c -0.076,-4.47056,-0.1519,-8.94111,-0.2278,-13.41167 l 3.2004,0.006 c -0.093,4.47023,-0.1869,8.94045,-0.2803,13.41068,-0.8974,-0.002,-1.7949,-0.003,-2.6923,-0.005 z  m 8.6867,0.017 c -0.076,-4.47056,-0.1518,-8.94111,-0.2277,-13.41167,1.0668,0.002,2.1336,0.004,3.2004,0.006,-0.093,4.47022,-0.1869,8.94045,-0.2803,13.41067,-0.8975,-0.002,-1.7949,-0.003,-2.6924,-0.005 z"}],"w":11.88720703125},"35":{"paths":[{"my":-0.10346560058593468,"mx":0,"dy":137.5256,"d":"m 0,0 c 1.4795,-11.85046,2.9589,-23.70092,4.4384,-35.55138,0.9144,0.002,1.8287,0.003,2.7431,0.005,-1.4794,11.85046,-2.9589,23.70092,-4.4383,35.55138,-0.9144,-0.002,-1.8288,-0.003,-2.7432,-0.005 z  m -19.2343,-9.68965,0.01,-2.794,30.734,0.0601,-0.01,2.79399 z  m 6.0263,9.66381,4.4384,-35.55138,2.794,0.005,-4.4892,35.55129 z  m -4.3743,-23.1226 v -2.794 l 30.734,0.0601,-0.01,2.79399 z"}],"w":32.385986328125},"36":{"paths":[{"my":-6.256515600585942,"mx":0,"dy":143.67865,"d":"m 0,0 z  m 1.0781,-5.7891 q -3.9624,-0.008,-7.6175,-1.28491,-3.6042,-1.32786,-5.5814,-3.36373 l 1.4788,-2.89271 q 1.876,1.83247,5.0231,3.10863,3.1981,1.22546,6.7032,1.23232,3.3528,0.007,5.4372,-0.80216,2.1353,-0.85942,3.1033,-2.27993,1.0188,-1.42041,1.0222,-3.14761,0,-2.08279,-1.2127,-3.35518,-1.1659,-1.27228,-3.0949,-1.98726,-1.9289,-0.76577,-4.2646,-1.32914,-2.3357,-0.56338,-4.6713,-1.17755,-2.3355,-0.66497,-4.3146,-1.73564,-1.9283,-1.07058,-3.1441,-2.80016,-1.165,-1.78028,-1.1594,-4.62508,0.01,-2.64159,1.381,-4.8233,1.4268,-2.23242,4.325,-3.54755,2.8983,-1.36593,7.4195,-1.35708,2.9972,0.006,5.9419,0.87522,2.9448,0.81857,5.0755,2.29594 l -1.2759,2.99471 q -2.283,-1.52847,-4.8724,-2.24474,-2.5386,-0.71617,-4.9262,-0.72084,-3.2004,-0.006,-5.2849,0.85326,-2.0845,0.85953,-3.1034,2.33073,-0.9679,1.42051,-0.9715,3.24931,0,2.0828,1.1618,3.35508,1.2167,1.27238,3.1457,1.98736,1.9798,0.71507,4.3156,1.27844,2.3357,0.56338,4.6204,1.22825,2.3355,0.66497,4.2638,1.73554,1.9792,1.01988,3.1442,2.74936,1.2158,1.72958,1.2104,4.52358,-0.01,2.59079,-1.4319,4.82321,-1.4267,2.18161,-4.3757,3.54744,-2.8982,1.31513,-7.4702,1.30619 z"}],"w":26.4766845703125},"37":{"paths":[{"my":-0.20773560058594853,"mx":0,"dy":137.62987,"d":"m 0,0 z  m 2.7755,-16.5046 q -2.3876,-0.005,-4.2142,-1.17665,-1.8264,-1.22277,-2.8381,-3.40916,-0.9609,-2.18628,-0.9552,-5.08188,0.01,-2.89559,0.9751,-5.0781,1.0203,-2.18241,2.8513,-3.34723,1.8312,-1.21562,4.2188,-1.21094,2.3876,0.005,4.1632,1.22734,1.8265,1.17198,2.8383,3.35836,1.0117,2.18639,1.006,5.08198,-0.01,2.8956,-1.0259,5.07801,-1.0203,2.1824,-2.8515,3.39802,-1.7803,1.16492,-4.1678,1.16025 z  m 0,-2.286 q 2.4892,0.005,3.9662,-1.92264,1.5279,-1.97821,1.5346,-5.43261,0.01,-3.45439,-1.5134,-5.38777,-1.4693,-1.98408,-3.9585,-1.98895,-2.54,-0.005,-4.0171,1.97335,-1.477,1.92751,-1.4837,5.3819,-0.01,3.4544,1.4625,5.43848,1.4695,1.93327,4.0094,1.93824 z  m 21.7559,19.09261 q -2.3368,-0.005,-4.1633,-1.17655,-1.8264,-1.22278,-2.8381,-3.40916,-1.0117,-2.18638,-1.0061,-5.08198,0.01,-2.89559,1.026,-5.078,1.0202,-2.18241,2.8513,-3.34723,1.8312,-1.21562,4.168,-1.21104,2.4384,0.005,4.214,1.22744,1.8265,1.17198,2.7874,3.35826,1.0118,2.18639,1.0061,5.08198,-0.01,2.8956,-1.0259,5.078,-0.9695,2.18251,-2.8007,3.39813,-1.7803,1.16492,-4.2187,1.16015 z  m 0,-2.286 q 2.4892,0.005,3.9662,-1.92264,1.5279,-1.97821,1.5346,-5.43261,0.01,-3.45439,-1.5134,-5.38777,-1.4694,-1.98408,-3.9586,-1.98895,-2.4891,-0.005,-4.017,1.97335,-1.477,1.92751,-1.4838,5.3819,-0.01,3.4544,1.4626,5.43847,1.5202,1.93338,4.0094,1.93825 z"}],"w":37.80859375}},"p":{"s":1.7560406770359953,"slc":"round","slj":"round","bsw":0.5,"lh":47.75691223144531,"space":22.778515625,"tf":35.70067968139648}}