{"c":{"33":{"paths":[{"my":10.657834399414057,"mx":0,"dy":126.7643,"d":"m 0,0 c -0.2208,-8.29778,-0.4417,-16.59557,-0.6625,-24.89335 l 4.2672,0.008 c -0.2702,8.29682,-0.5405,16.59364,-0.8107,24.89046 z  m 1.401,10.92476 c -0.7451,-0.001,-1.388,-0.25659,-1.9289,-0.76578,-0.5069,-0.54286,-0.7597,-1.16989,-0.7583,-1.88109,0,-0.74506,0.2552,-1.35416,0.7656,-1.8273,0.5429,-0.50694,1.1868,-0.75968,1.9319,-0.75822,0.7789,0.001,1.4049,0.25656,1.878,0.76567,0.5071,0.47513,0.76,1.08522,0.7585,1.83029,0,0.7112,-0.2552,1.33724,-0.7657,1.87811,-0.4751,0.50707,-1.1022,0.75984,-1.8811,0.75832 z"}],"w":5.3341064453125},"34":{"paths":[{"my":22.11556439941407,"mx":0,"dy":115.30657,"d":"m 0,0 c -0.076,-4.47056,-0.1519,-8.94111,-0.2278,-13.41167 l 3.2004,0.006 c -0.093,4.47023,-0.1869,8.94045,-0.2803,13.41068,-0.8974,-0.002,-1.7949,-0.003,-2.6923,-0.005 z  m 8.6867,0.017 c -0.076,-4.47056,-0.1518,-8.94111,-0.2277,-13.41167,1.0668,0.002,2.1336,0.004,3.2004,0.006,-0.093,4.47022,-0.1869,8.94045,-0.2803,13.41067,-0.8975,-0.002,-1.7949,-0.003,-2.6924,-0.005 z"}],"w":11.88720703125},"35":{"paths":[{"my":-0.10346560058593468,"mx":0,"dy":137.5256,"d":"m 0,0 c 1.4795,-11.85046,2.9589,-23.70092,4.4384,-35.55138,0.9144,0.002,1.8287,0.003,2.7431,0.005,-1.4794,11.85046,-2.9589,23.70092,-4.4383,35.55138,-0.9144,-0.002,-1.8288,-0.003,-2.7432,-0.005 z  m -19.2343,-9.68965,0.01,-2.794,30.734,0.0601,-0.01,2.79399 z  m 6.0263,9.66381,4.4384,-35.55138,2.794,0.005,-4.4892,35.55129 z  m -4.3743,-23.1226 v -2.794 l 30.734,0.0601,-0.01,2.79399 z"}],"w":32.385986328125},"36":{"paths":[{"my":-6.256515600585942,"mx":0,"dy":143.67865,"d":"m 0,0 c 0.031,-15.9173,0.062,-31.83461,0.093,-47.751913,0.8466,0.0017,1.6933,0.0033,2.5399,0.005,-0.031,15.917303,-0.062,31.834613,-0.093,47.751913,-0.8466,-0.002,-1.6933,-0.003,-2.5399,-0.005 z  m 1.0781,-5.7891 c -2.6416,-0.005,-5.1808,-0.43364,-7.6175,-1.28491,-2.4028,-0.88524,-4.2633,-2.00648,-5.5814,-3.36373 l 1.4788,-2.89271 c 1.2507,1.22165,2.925,2.25786,5.0231,3.10863,2.1321,0.81697,4.3665,1.22775,6.7032,1.23232,2.2352,0.005,4.0476,-0.26272,5.4372,-0.80216,1.4235,-0.57295,2.458,-1.33292,3.1033,-2.27993,0.6792,-0.94694,1.0199,-1.99614,1.0222,-3.14761,0,-1.38853,-0.4042,-2.50692,-1.2127,-3.35518,-0.7773,-0.84819,-1.8089,-1.51061,-3.0949,-1.98726,-1.2859,-0.51051,-2.7075,-0.95356,-4.2646,-1.32914,-1.5571,-0.37559,-3.1142,-0.7681,-4.6713,-1.17755,-1.557,-0.44331,-2.9952,-1.02186,-4.3146,-1.73564,-1.2855,-0.71372,-2.3336,-1.64711,-3.1441,-2.80016,-0.7767,-1.18685,-1.1631,-2.72855,-1.1594,-4.62508,0.01,-1.76106,0.467,-3.36883,1.381,-4.8233,0.9512,-1.48828,2.3929,-2.6708,4.325,-3.54755,1.9322,-0.91062,4.4054,-1.36298,7.4195,-1.35708,1.9981,0.004,3.9788,0.29574,5.9419,0.87522,1.9632,0.54571,3.655,1.31103,5.0755,2.29594 l -1.2759,2.99471 c -1.522,-1.01898,-3.1461,-1.76723,-4.8724,-2.24474,-1.6924,-0.47745,-3.3345,-0.71773,-4.9262,-0.72084,-2.1336,-0.004,-3.8952,0.28042,-5.2849,0.85326,-1.3897,0.57302,-2.4241,1.34993,-3.1034,2.33073,-0.6453,0.94701,-0.9691,2.03011,-0.9715,3.24931,0,1.38853,0.3873,2.50689,1.1618,3.35508,0.8111,0.84825,1.8597,1.51071,3.1457,1.98736,1.3199,0.47671,2.7584,0.90286,4.3156,1.27844,1.5571,0.37559,3.0973,0.785,4.6204,1.22825,1.557,0.44331,2.9783,1.02183,4.2638,1.73554,1.3195,0.67992,2.3675,1.59637,3.1442,2.74936,0.8105,1.15305,1.214,2.66091,1.2104,4.52358,-0.01,1.72719,-0.484,3.33493,-1.4319,4.82321,-0.9511,1.45441,-2.4097,2.63689,-4.3757,3.54744,-1.9321,0.87675,-4.4222,1.31215,-7.4702,1.30619 z"}],"w":26.4766845703125},"37":{"paths":[{"my":-0.20773560058594853,"mx":0,"dy":137.62987,"d":"m 0,0 z  m 2.7755,-16.5046 q -2.3876,-0.005,-4.2142,-1.17665,-1.8264,-1.22277,-2.8381,-3.40916,-0.9609,-2.18628,-0.9552,-5.08188,0.01,-2.89559,0.9751,-5.0781,1.0203,-2.18241,2.8513,-3.34723,1.8312,-1.21562,4.2188,-1.21094,2.3876,0.005,4.1632,1.22734,1.8265,1.17198,2.8383,3.35836,1.0117,2.18639,1.006,5.08198,-0.01,2.8956,-1.0259,5.07801,-1.0203,2.1824,-2.8515,3.39802,-1.7803,1.16492,-4.1678,1.16025 z  m 0,-2.286 q 2.4892,0.005,3.9662,-1.92264,1.5279,-1.97821,1.5346,-5.43261,0.01,-3.45439,-1.5134,-5.38777,-1.4693,-1.98408,-3.9585,-1.98895,-2.54,-0.005,-4.0171,1.97335,-1.477,1.92751,-1.4837,5.3819,-0.01,3.4544,1.4625,5.43848,1.4695,1.93327,4.0094,1.93824 z  m 21.7559,19.09261 q -2.3368,-0.005,-4.1633,-1.17655,-1.8264,-1.22278,-2.8381,-3.40916,-1.0117,-2.18638,-1.0061,-5.08198,0.01,-2.89559,1.026,-5.078,1.0202,-2.18241,2.8513,-3.34723,1.8312,-1.21562,4.168,-1.21104,2.4384,0.005,4.214,1.22744,1.8265,1.17198,2.7874,3.35826,1.0118,2.18639,1.0061,5.08198,-0.01,2.8956,-1.0259,5.078,-0.9695,2.18251,-2.8007,3.39813,-1.7803,1.16492,-4.2187,1.16015 z  m 0,-2.286 q 2.4892,0.005,3.9662,-1.92264,1.5279,-1.97821,1.5346,-5.43261,0.01,-3.45439,-1.5134,-5.38777,-1.4694,-1.98408,-3.9586,-1.98895,-2.4891,-0.005,-4.017,1.97335,-1.477,1.92751,-1.4838,5.3819,-0.01,3.4544,1.4626,5.43847,1.5202,1.93338,4.0094,1.93825 z"}],"w":37.80859375}},"p":{"s":1.7560406770359953,"slc":"round","slj":"round","bsw":0.5,"lh":47.75691223144531,"space":22.778515625,"tf":41.495395562744136}}