{"c":{"33":{"paths":[{"my":3.240890102539055,"mx":0,"dy":131.22934,"d":"m 0,0 c -1.27642,-0.33383,-2.98444,0.34576,-3.67496,1.46998,-0.52663,0.85739,-0.46895,2.32091,0.26729,3.00678,0.91275,0.8503,2.66463,0.69602,3.74176,0.0668,0.80887,-0.47251,1.42201,-1.5394,1.33636,-2.47225,-0.0811,-0.88327,-0.81233,-1.84688,-1.67045,-2.07131 z"},{"my":37.98593110253907,"mx":0.935450000000003,"dy":96.484299,"d":"m 0,0"}],"w":5.70123291015625}},"p":{"s":7.016026292969628,"slc":"round","slj":"round","bsw":0.5,"lh":39.81050109863281,"space":5.70123291015625,"tf":38.07114201446868}}