{"c":{"33":{"paths":[{"my":3.099150102539056,"mx":0,"dy":131.37108,"d":"m 0,0 c -3.22426,-1.78694,-2.7482,0.20402,-3.43872,1.32824,-0.52663,0.85739,-0.46534,2.31705,0.26729,3.00678,0.90473,0.85176,0,0,3.74176,0.0668,0.93662,0.0167,0,0,1.33636,-2.47225,0.42178,-0.78029,-0.18159,-0.97349,-1.90669,-1.92957 z"},{"my":38.08042510253907,"mx":1.1244400000000496,"dy":96.389805,"d":"m 0,0"}],"w":5.8214111328125},"34":{"paths":[{"my":38.45365410253906,"mx":0,"dy":96.016576,"d":"m 0,0 c 0.007,4.996174,-0.005,6.381304,0.20046,11.358954"},{"my":37.38457510253906,"mx":8.719689999999957,"dy":97.085655,"d":"m 0,0"}],"w":8.71966552734375}},"p":{"s":5.501655886266428,"slc":"round","slj":"round","bsw":0.5,"lh":39.69738006591797,"space":7.270538330078125,"tf":38.79523404342652}}