{"c":{"33":{"paths":[{"my":35.448694399414066,"mx":0,"dy":101.97344,"d":"m 0,0 c -0.088,4.38465,-0.1048,8.46219,-0.098,12.50429,0.01,4.04211,0.037,8.04878,0.043,12.29168 l 0.027,-12.39798 z  m -0.03,35.71562 c -0.7451,-0.001,-1.388,-0.25659,-1.9289,-0.76578,-0.5069,-0.54286,-0.7597,-1.16989,-0.7583,-1.88109,0,-0.74506,0.2552,-1.35416,0.7656,-1.8273,0.5429,-0.50694,1.1868,-0.75968,1.9319,-0.75822,0.7789,0.001,1.4049,0.25656,1.878,0.76567,0.5071,0.47513,0.76,1.08522,0.7585,1.83029,0,0.7112,-0.2552,1.33724,-0.7657,1.87811,-0.4751,0.50707,-1.1022,0.75984,-1.8811,0.75832 z"}],"w":5.3341064453125},"34":{"paths":[{"my":22.11556439941407,"mx":0,"dy":115.30657,"d":"m 0,0 c -0.076,-4.47056,-0.1519,-8.94111,-0.2278,-13.41167 l 3.2004,0.006 c -0.093,4.47023,-0.1869,8.94045,-0.2803,13.41068,-0.8974,-0.002,-1.7949,-0.003,-2.6923,-0.005 z  m 8.6867,0.017 c -0.076,-4.47056,-0.1518,-8.94111,-0.2277,-13.41167,1.0668,0.002,2.1336,0.004,3.2004,0.006,-0.093,4.47022,-0.1869,8.94045,-0.2803,13.41067,-0.8975,-0.002,-1.7949,-0.003,-2.6924,-0.005 z"}],"w":11.88720703125},"35":{"paths":[{"my":-0.10346560058593468,"mx":0,"dy":137.5256,"d":"m 0,0 c 1.4795,-11.85046,2.9589,-23.70092,4.4384,-35.55138,0.9144,0.002,1.8287,0.003,2.7431,0.005,-1.4794,11.85046,-2.9589,23.70092,-4.4383,35.55138,-0.9144,-0.002,-1.8288,-0.003,-2.7432,-0.005 z  m -19.2343,-9.68965,0.01,-2.794,30.734,0.0601,-0.01,2.79399 z  m 6.0263,9.66381,4.4384,-35.55138,2.794,0.005,-4.4892,35.55129 z  m -4.3743,-23.1226 v -2.794 l 30.734,0.0601,-0.01,2.79399 z"}],"w":32.385986328125},"36":{"paths":[{"my":41.490397399414064,"mx":0,"dy":95.931737,"d":"m 0,0 c -0.031,15.917303,-0.062,31.834613,-0.093,47.751913,0.031,-15.9173,0.062,-31.83461,0.093,-47.751913 z  m 9.0195,11.955643 c -1.522,-1.01898,-3.1473,-1.76286,-4.8724,-2.24474,-1.6936,-0.47309,-3.3345,-0.71773,-4.9262,-0.72084,-2.1336,-0.004,-3.8952,0.28042,-5.2849,0.85326,-1.3897,0.57302,-2.4241,1.34993,-3.1034,2.33073,-0.6453,0.94701,-0.9691,2.03011,-0.9715,3.24931,0,1.38853,0.3873,2.50689,1.1618,3.35508,0.8111,0.84825,1.8597,1.51071,3.1457,1.98736,1.3199,0.47671,2.7584,0.90286,4.3156,1.27844,1.5571,0.37559,3.0973,0.785,4.6204,1.22825,1.557,0.44331,2.9783,1.02183,4.2638,1.73554,1.3195,0.67992,2.3675,1.59637,3.1442,2.74936,0.8105,1.15305,1.214,2.66091,1.2104,4.52358,-0.01,1.72719,-0.484,3.33493,-1.4319,4.82321,-0.9511,1.45441,-2.4097,2.63689,-4.3757,3.54744,-1.9321,0.87675,-4.4222,1.31215,-7.4702,1.30619,-2.6416,-0.005,-5.1808,-0.43364,-7.6175,-1.28491,-2.4028,-0.88524,-4.2633,-2.00648,-5.5814,-3.36373"}],"w":26.476806640625},"37":{"paths":[{"my":35.29868439941406,"mx":0,"dy":102.12345,"d":"m 0,0 c -8.1174,11.83747,-16.2347,23.67494,-24.352,35.51241,8.1173,-11.83747,16.2346,-23.67494,24.352,-35.51241 z  m -22.97,19.00182 c -1.5917,-0.003,-2.9965,-0.39555,-4.2142,-1.17665,-1.2176,-0.81518,-2.1636,-1.95157,-2.8381,-3.40916,-0.6406,-1.45752,-0.959,-3.15148,-0.9552,-5.08188,0.01,-1.93039,0.3317,-3.62309,0.9751,-5.0781,0.6802,-1.45494,1.6306,-2.57068,2.8513,-3.34723,1.2208,-0.81041,2.6271,-1.21406,4.2188,-1.21094,1.5917,0.003,2.9795,0.41245,4.1632,1.22734,1.2177,0.78132,2.1638,1.90077,2.8383,3.35836,0.6745,1.45759,1.0098,3.15159,1.006,5.08198,-0.01,1.9304,-0.3486,3.62307,-1.0259,5.07801,-0.6802,1.45493,-1.6307,2.58761,-2.8515,3.39802,-1.1869,0.77661,-2.5761,1.16336,-4.1678,1.16025 z  m 21.7559,16.80661 c -1.5579,-0.003,-2.9456,-0.39552,-4.1633,-1.17655,-1.2176,-0.81519,-2.1636,-1.95157,-2.8381,-3.40916,-0.6745,-1.45759,-1.0098,-3.15158,-1.0061,-5.08198,0.01,-1.93039,0.3487,-3.62306,1.026,-5.078,0.6801,-1.45494,1.6306,-2.57068,2.8513,-3.34723,1.2208,-0.81041,2.6101,-1.21409,4.168,-1.21104,1.6256,0.003,3.0303,0.41248,4.214,1.22744,1.2177,0.78132,2.1468,1.90074,2.7874,3.35826,0.6745,1.45759,1.0099,3.15159,1.0061,5.08198,-0.01,1.9304,-0.3486,3.62307,-1.0259,5.078,-0.6463,1.45501,-1.5799,2.58772,-2.8007,3.39813,-1.1869,0.77661,-2.5931,1.16333,-4.2187,1.16015 z"}],"w":37.80859375}},"p":{"s":1.7560387949098026,"slc":"round","slj":"round","bsw":0.5,"lh":47.751914978027344,"space":22.7785400390625,"tf":41.490397399414064}}