{"c":{"33":{"paths":[{"my":38.21775185546875,"mx":0,"dy":117.41915,"d":"m 0,0 c -0.3647,11.38949,-0.7294,22.77898,-1.0941,34.16847"},{"my":1.7564718554687602,"mx":0.46280000000001564,"dy":153.88043,"d":"m 0,0 c -0.4009,-0.26727,-0.8018,-0.53454,-1.2027,-0.80181,-1.0468,0.22272,-2.0937,0.44545,-3.1405,0.66817,-0.2895,1.15817,-0.5791,2.31634,-0.8686,3.47451,1.2695,0.37863,2.5391,0.75726,3.8086,1.13589,0.8909,-0.71272,1.7818,-1.42543,2.6727,-2.13815,-0.4232,-0.77954,-0.8463,-1.55907,-1.2695,-2.33861 z"}],"w":6.4813232421875}},"p":{"s":6.171579244749976,"slc":"round","slj":"round","bsw":0.5,"lh":40.93804168701172,"space":6.4813232421875,"tf":38.21775185546875}}